Id,Name,Company,Email
1,Milford Zulauf,Gulgowski and Sons,Georgianna_Hilll80@hotmail.com
2,Marisol Faker Attribute Error: person.astName is not supported,"Feil, Ferry and Yost",Zack.Marquardt@gmail.com
3,Serena Hickle,Rippin LLC,Laron.McClure72@hotmail.com
4,Lester Kuphal,Metz and Sons,Cristian.Weimann@gmail.com
5,Zula Fritsch,Vandervort and Sons,Howell9@hotmail.com
6,Jackie Steuber,Sporer - Homenick,Liza.Batz@hotmail.com
7,Tevin Yost,Klocko and Sons,Pauline58@yahoo.com
8,Lenna Frami,Barrows Inc,Ahmad.Daugherty45@yahoo.com
9,Kianna Schuster,"Roberts, Bauch and Hammes",Shyanne.Stanton35@hotmail.com
10,Adaline Windler,Prohaska - Fay,Bernard65@yahoo.com
